Index,Peak Ratio,Green Test,Red Test,Pink Background,Pink Max
0,0.6483516483516484, True, False,157.699777, 48.66598416396624
1,0.6688963210702341, True, False,131.1458442, 43.51457515462204
2,0.9356913183279743, True, False,141.5830811, 47.63346001643768
3,0.7108433734939759, True, False,182.8891382, 58.14020777209285
4,0.8088235294117647, True, False,265.6660894, 82.80939602386087
5,0.75, True, False,257.7279949, 127.16318406730966
6,0.7743362831858407, True, False,181.482282, 45.969508679875986
7,2.4870689655172415, False, False,148.7142463, 29.090028976719225
8,0.6170212765957447, True, True,152.6689756, 100.71677360596746
9,1.1013333333333333, True, False,149.6562162, 107.50647180889905
10,0.7162162162162162, True, False,134.027207, 34.4162082798847
11,0.8914027149321267, True, False,140.3905957, 23.13008615368784
12,0.5, True, True,121.3941067, 123.6783272374536
13,0.7757009345794392, True, False,135.9346146, 15.762468088613446
14,1.4691358024691359, True, False,179.4007772, 24.978943566424903
15,0.49246231155778897, True, True,163.2982282, 101.94561366931228
16,2.0595238095238093, True, False,256.3980087, 42.267821662277754
17,1.1538461538461537, True, False,178.7716439, 46.527613563837804
18,3.054054054054054, False, False,176.5664673, 98.66602294465955
19,0.8767123287671232, True, False,132.9244442, 42.168843058368594
20,0.6617647058823529, True, True,123.7167165, 53.61798480921637
21,0.7572674418604651, True, True,116.4363539, 242.54120828669136
22,0.4052863436123348, True, True,118.349985, 161.79230237682532
23,0.5901162790697675, True, True,119.0778036, 51.81621930259841
24,0.822429906542056, True, False,113.561455, 48.71439592765036
25,0.5639344262295082, True, True,114.0301438, 58.619575888495646
26,0.7252124645892352, True, False,112.8666806, 60.586687456732065
27,0.851528384279476, True, False,114.4712493, 27.035719616643263
28,0.8295218295218295, True, False,121.0624456, 203.9493282569321
29,0.9695121951219512, True, False,134.0586214, 73.55093674347279
30,0.7044534412955465, True, False,129.8967341, 73.11154614876773
31,0.7142857142857143, True, False,147.9467976, 22.162777272717307
32,0.5885416666666666, True, True,120.7545769, 130.58918247805184
33,0.6548856548856549, True, True,121.5193105, 102.91259655641858
34,0.7922705314009661, True, False,114.4814075, 26.122903923077317
35,0.548431105047749, True, True,114.5040064, 173.50449088228788
36,1.9387096774193548, False, False,114.9108495, 47.99996702354622
37,2.0425531914893615, False, False,113.2542135, 88.7281681370767
38,1.9115479115479115, False, False,117.3929248, 113.52228932030728
39,0.5366614664586583, True, True,115.2301117, 124.74324244469098
40,0.8278388278388278, True, False,115.3554726, 21.499518470656767
41,0.95, True, False,118.13098, 23.072168856558065
42,0.864321608040201, True, False,125.4845967, 56.60183956134662
43,0.522633744855967, True, True,150.6324204, 106.52911790605845
44,0.7658730158730159, True, False,150.730296, 38.40986475618121
45,0.5255102040816326, True, True,138.4835379, 103.60832595758592
46,1.5432835820895523, True, False,132.5447978, 86.95327205577138
47,0.8514851485148515, True, False,120.9897269, 21.23127629298199
48,0.6970954356846473, True, False,131.2675233, 60.4497316943563
49,1.308860759493671, True, False,135.1748453, 149.93888661156848
50,0.6504629629629629, True, True,134.9171034, 279.24280634196646
51,0.8768656716417911, True, False,128.3649985, 220.57302652738264
52,0.676320272572402, True, True,119.3826658, 252.98994533965922
53,0.8387978142076503, True, False,115.9292424, 64.12960911216894
54,0.6769759450171822, True, False,111.5882596, 23.69252838596637
55,2.7453703703703702, False, False,113.281117, 22.983410394113804
56,0.3054626532887402, True, True,116.589869, 190.249710329734
57,0.7956521739130434, True, False,114.9431632, 98.74188770621676
58,0.594692400482509, True, True,115.5453459, 471.73449840240573
59,0.6815789473684211, True, True,114.0728781, 54.09465594955597
60,0.634375, True, True,114.6880252, 40.38266629260771
61,0.6891891891891891, True, False,111.4533805, 50.65627396365994
62,0.9619047619047619, True, False,116.3478861, 48.02948978349136
63,0.33557046979865773, True, True,119.7881901, 166.7095608045396
64,0.5186335403726708, True, True,121.3368947, 144.33856082050482
65,0.6861313868613139, True, False,117.4881406, 32.336204029892656
66,0.64453125, True, False,139.9801947, 42.53785455042862
67,1.2369337979094077, True, False,155.2970693, 111.47272818001204
68,0.8213507625272332, True, False,138.1032943, 238.0778028116428
69,0.6138996138996139, True, False,162.0253811, 33.67785978679004
70,0.7637540453074434, True, False,157.6438272, 96.32391666514633
71,0.8329896907216495, True, False,119.2769393, 254.84558585941824
72,0.6820083682008368, True, False,124.4613468, 34.673621512271296
73,1.1017964071856288, True, False,115.2131255, 62.92794583802099
74,0.7311178247734139, True, False,116.1163168, 19.324710855124223
75,0.4393063583815029, True, True,127.0691715, 207.30352675213865
76,0.4626865671641791, True, True,152.7971306, 78.87761385529689
77,0.8126888217522659, True, False,193.4565599, 133.33720734230639
78,0.690625, True, False,205.828952, 75.07296990802686
79,0.6498316498316499, True, True,166.9143221, 181.72883986668117
80,2.825278810408922, False, False,148.2878233, 86.01846300777677
81,2.740983606557377, False, False,150.2084614, 102.36974948317496
82,0.6523809523809524, True, True,156.0578843, 203.31411431720227
83,1.056910569105691, True, False,141.2228622, 40.83849946110101
84,0.7267857142857143, True, True,140.2717283, 87.5590989728779
85,0.8278388278388278, True, False,128.5662898, 36.27125326723912
86,0.5568181818181818, True, True,123.1557069, 74.52910115192051
87,0.7099236641221374, True, False,118.8796942, 44.71411779660323
88,0.9195979899497487, True, False,117.3783629, 72.88593922326986
89,1.0423728813559323, True, False,112.6393062, 48.87719285833472
90,0.5395256916996047, True, True,121.8359524, 139.23634805413928
91,0.5546875, True, True,142.6727589, 74.59435997864551
92,0.7365010799136069, True, True,176.9337887, 111.22032232469235
93,0.6506024096385542, True, True,137.2899222, 84.57650803195062
94,1.0552884615384615, True, False,118.1968894, 148.41704711239413
95,0.563011456628478, True, True,117.3433685, 128.19255898735565
96,1.0275482093663912, True, False,117.2596059, 60.99249408112533
97,0.6142131979695431, True, True,123.6737177, 42.91782196137689
98,1.1547169811320754, True, False,124.460438, 82.32024311965678
99,0.9246376811594202, True, False,122.3394042, 52.57221755337177
100,0.5760517799352751, True, True,126.6854979, 129.06437337391483
101,0.7090163934426229, True, False,133.3258721, 85.24668365946852
102,1.9656084656084656, False, False,168.3055337, 61.26473867773322
103,0.8076109936575053, True, False,131.1684604, 262.65540349030925
104,1.7284263959390862, False, False,139.8236539, 126.36633632710041
105,0.7528089887640449, True, False,193.6853606, 100.55726915727433
106,0.6594202898550725, True, True,219.3417672, 84.10201903620043
107,0.7668711656441718, True, True,240.769253, 187.48779918196055
108,1.6153846153846154, True, False,284.5222522, 53.6806558588554
109,1.2310077519379845, False, False,282.6713535, 103.84724435033542
110,0.8935574229691877, True, False,320.9590175, 73.12893310827639
111,0.7541528239202658, True, True,196.6159333, 538.6636058362149
112,2.6294117647058823, False, False,184.0251095, 125.17906685486108
113,1.0995475113122173, True, False,181.5972039, 48.314885669211776
114,0.46075715604801476, True, True,171.7748105, 414.1851304804642
115,0.8251928020565553, True, False,139.4438526, 90.41415793894984
116,1.0231958762886597, True, False,115.6140765, 103.6669906936764
117,0.5532994923857868, True, True,135.6539763, 105.47618962560477
118,0.7522935779816514, True, True,126.8295616, 69.27123547903626
119,0.7889688249400479, True, False,134.013611, 41.82079156087542
120,1.4180672268907564, False, False,120.0555888, 173.07931668126906
121,0.6556291390728477, True, True,129.908485, 35.02589558039014
122,0.6303142329020333, True, True,159.492558, 81.71859099561118
123,0.5563725490196079, True, True,151.27337, 141.64468038324932
124,0.8295739348370927, True, False,147.8106945, 56.87872913408759
125,0.7702479338842976, True, True,164.4360639, 251.74998548853193
126,0.9182156133828996, True, False,138.8891785, 61.25440476987811
127,0.7930489731437599, True, True,216.0882703, 416.2696327838054
128,3.613981762917933, False, False,323.4746522, 86.45067928002715
129,0.631578947368421, True, True,352.8920559, 188.61357349475367
130,0.9471264367816092, True, False,354.95878, 114.69931060011851
131,2.515923566878981, False, False,318.997128, 70.10231621423583
132,5.726495726495727, False, False,557.1200847, 151.89030287457445
133,0.5161290322580645, True, True,603.1258087, 436.2781870286576
134,0.6039603960396039, True, True,547.3590672, 121.04671346715918
135,0.7710651828298887, True, True,228.7722048, 203.33819130627523
136,0.6795827123695977, True, True,213.0189607, 87.22815236600223
137,0.7650862068965517, True, True,143.0087374, 222.07710090398737
138,0.6849056603773584, True, True,137.634812, 130.69902586795416
139,0.2992125984251969, True, True,190.1079945, 568.0647986687361
140,0.5311111111111111, True, True,216.4280517, 181.73688259585094
141,0.5152173913043478, True, True,234.6992933, 257.694732227583
142,0.6327868852459017, True, True,192.2507205, 101.57599510842098
143,3.051948051948052, False, False,1062.283917, 244.28739587400628
144,1.2825552825552826, True, False,778.6720536, 117.1104469027481
145,0.6161971830985915, True, True,546.977042, 80.62523475165511
146,0.6266233766233766, True, True,468.2328151, 60.45341507354402
147,0.8042553191489362, True, False,567.2970913, 923.8982931845891
148,0.8980716253443526, True, False,1388.069594, 433.9318848297419
149,0.6791979949874687, True, True,1134.636088, 615.1637769915469
150,0.5371900826446281, True, True,125.921566, 238.978061314231
151,0.7457142857142857, True, False,133.527601, 83.40384289582494
152,0.9473684210526315, True, False,129.4812095, 212.82584830701526
153,0.7174887892376681, True, False,126.3623879, 24.060644376405378
154,0.6819672131147541, True, False,124.474512, 56.347017154097045
155,1.3577981651376148, True, False,136.3968745, 66.59721220506904
156,0.5558252427184466, True, True,123.2916204, 98.5914640663313
157,0.749034749034749, True, False,126.5907769, 116.16063533885705
158,0.7018779342723005, True, True,125.3374971, 222.05368182081278
159,0.6830357142857143, True, False,126.0096479, 20.977697908207404
160,0.45714285714285713, True, True,130.8106366, 21.89327355783186
161,0.4763779527559055, True, True,125.4753385, 209.45581044848916
162,0.6835443037974683, True, False,128.531101, 28.697504158737047
163,1.2526315789473683, True, False,123.0940551, 40.77919812039799
164,0.7878787878787878, True, False,124.2368684, 22.056589534846395
165,0.7021276595744681, True, False,128.8442179, 81.31178329177052
166,0.6952054794520548, True, False,125.824207, 49.734948111699254
167,0.7291666666666666, True, False,136.4233571, 71.17618802693764
168,1.0, True, False,122.160349, 44.13601915252036
169,0.6072507552870091, True, True,141.3727416, 182.0128646168857
170,0.46089385474860334, True, True,169.4909371, 71.84399385765951
171,0.6098265895953757, True, True,142.5499079, 147.17663848576984
172,0.7233009708737864, True, False,161.6292244, 40.03555299796349
173,0.5826972010178118, True, True,744.1319392, 150.04792819598686
174,0.9867986798679867, True, False,554.924253, 66.83352472617764
175,0.3677685950413223, True, True,138.0132277, 60.63945876378054
176,0.6339622641509434, True, False,167.560264, 99.57369827780434
177,0.787012987012987, True, False,153.5080123, 67.75678479720747
178,0.6555555555555556, True, False,222.3625262, 69.2051769468492
179,0.5697522816166884, True, True,125.9820826, 573.3046366576785
180,0.7686915887850467, True, False,122.5560022, 94.59741321998412
181,0.7563025210084033, True, False,221.6280097, 41.544335887055496
182,2.6611570247933884, False, False,151.0891498, 22.837566284949446
183,1.9183673469387754, False, False,142.8247431, 62.4464236553892
184,0.4172297297297297, True, True,124.0657994, 18.20941508032506
185,1.3358662613981762, False, False,140.7619, 64.36705870635069
186,0.3199023199023199, True, True,128.9352908, 110.17702272731594
187,0.3444976076555024, True, True,130.6644377, 112.20432594946058
188,0.19658976930792377, True, True,122.7729376, 258.10907893868443
189,0.711864406779661, True, False,132.7405437, 90.69403478519834
190,0.7971014492753623, True, False,140.5260879, 31.734315626579615
191,0.2904191616766467, True, True,134.2245871, 266.4269221439153
192,3.4170212765957446, False, False,124.1498987, 64.57607224482194
193,2.7746478873239435, False, False,128.2766087, 43.53082861626173
194,0.6309341500765697, True, True,133.6489474, 349.913085760022
195,2.52901023890785, False, False,133.292492, 29.758913785066596
196,0.7521367521367521, True, False,128.8961731, 70.89176592035952
197,0.26222684703433924, True, True,132.0657714, 437.77867221370695
198,0.3552833078101072, True, True,124.8796603, 126.04099470147898
199,0.691358024691358, True, False,122.7647496, 20.90151344463783
200,1.7235421166306695, False, False,122.5534931, 42.968776256582075
201,1.1114754098360655, True, False,119.4512361, 46.11160667935137
202,0.6940509915014165, True, True,131.5075369, 67.67546631714944
203,0.5333333333333333, True, True,132.3246522, 68.99055167254201
204,0.7285464098073555, True, True,123.9529246, 339.90291265089945
205,0.6185897435897436, True, True,119.5517191, 80.29696018293728
206,0.38197424892703863, True, True,127.5413198, 200.58766962630227
207,0.49298597194388777, True, True,117.0651065, 137.05226594786944
208,0.4910313901345291, True, True,126.7875685, 112.32669584104221
209,0.7233502538071066, True, True,123.1486814, 91.37251405349949
210,0.7787610619469026, True, False,120.3244194, 36.41647241084857
211,0.541095890410959, True, True,118.7186499, 83.32900445833377
212,0.5114155251141552, True, True,120.7482079, 129.24856029313372
213,0.7409326424870466, True, False,128.7783416, 80.03379622565191
214,0.6467236467236467, True, True,122.859843, 94.49325457216153
215,0.5477178423236515, True, True,125.5653033, 71.12055649999924
216,0.5263157894736842, True, True,113.4145488, 35.69349055352191
217,0.4108527131782946, True, True,121.0967114, 147.97474910072864
218,0.6236842105263158, True, True,117.9165254, 97.19587848260878
219,0.4096153846153846, True, True,127.5686459, 124.20668868686678
220,0.5031712473572939, True, True,121.1051846, 84.73661977112448
221,1.8341346153846154, False, False,115.4865237, 50.252994184882155
222,0.6666666666666666, True, False,122.2917058, 22.063129003504955
223,0.39233576642335766, True, True,116.2126344, 94.17228098019513
224,0.581081081081081, True, True,127.4288971, 78.82819241989026
225,0.5317757009345795, False, True,135.1617794, 1165.1236980192905
226,0.6442687747035574, True, True,130.6944088, 607.4947194605578
227,1.2837837837837838, False, False,123.8305263, 427.96626462985967
228,0.5699658703071673, True, True,122.2409513, 80.42504731136461
229,0.5890736342042755, True, True,128.0159147, 82.13746038247899
230,0.9917695473251029, True, False,124.9175818, 229.3231615780245
231,1.1297935103244838, True, False,122.8942917, 95.90755547595447
232,0.6404109589041096, True, True,121.691195, 33.479630495811534
233,1.3088235294117647, True, False,121.6873488, 88.35200256300061
234,0.49324324324324326, True, True,129.4753431, 89.77112900671804
235,0.5255623721881391, True, True,126.6229368, 772.2219892650442
236,0.36991368680641185, True, True,122.7579176, 428.05140303313954
237,0.6070287539936102, True, True,115.5319973, 37.80155142542422
238,0.6254416961130742, True, True,115.1477569, 31.086661602903447
239,0.5446224256292906, True, True,121.1331497, 40.12073012621812
240,0.6548387096774193, True, True,117.9164761, 41.27737633315046
241,0.4902439024390244, True, True,122.7810596, 76.48148974541209
242,0.32919254658385094, True, True,119.1931851, 295.6354144815989
243,0.9451697127937336, True, False,121.6847118, 160.07299752252212
244,1.7802690582959642, True, False,112.1472377, 52.73361965024523
245,0.41523809523809524, True, True,118.9908464, 119.67989393408217
246,0.6320474777448071, True, True,125.678698, 25.594806376484897
247,0.5802139037433155, True, True,120.8408097, 46.16939864102606
248,0.6574307304785895, True, True,123.1746855, 70.71012448806651
249,0.5282555282555282, True, True,123.0682914, 85.16212019145539
250,0.8811074918566775, True, False,119.9652726, 288.37149098042744
251,1.3553008595988538, True, False,122.1584971, 98.36538822720603
252,0.441025641025641, True, True,127.3313174, 555.2726119748588
253,0.42723880597014924, True, True,118.8281222, 106.38959131299865
254,0.47878128400435255, True, True,123.3456767, 771.1481767996308
255,0.6132075471698113, True, True,117.2239444, 53.53826788512133
256,0.4782608695652174, True, True,118.0207846, 68.21261778960714
257,2.0826771653543306, True, False,126.3722147, 25.674903972447765
258,0.6244813278008299, True, True,124.9683754, 236.48221219353348
259,0.5380577427821522, True, True,126.9922368, 62.068600724361644
260,0.6344086021505376, True, True,130.5325131, 46.345677090917604
261,0.29940828402366865, True, True,118.7599846, 242.6502532122055
262,0.6531165311653117, True, True,118.9581333, 71.74724610707469
263,0.6735395189003437, True, False,119.4685788, 42.76054529348367
264,0.6423611111111112, True, True,119.0427146, 86.9721017796369
265,0.6612529002320185, True, True,117.6347427, 167.02274609402468
266,1.4302521008403362, False, False,125.6189143, 146.60476350429084
267,0.5465116279069767, True, True,124.2544411, 444.21537952906243
268,0.6833333333333333, True, False,120.0271325, 24.603389718455816
269,0.7965517241379311, True, False,113.4678565, 27.764782645935412
270,0.5572033898305084, True, True,115.8043094, 68.1045629821579
271,0.6678832116788321, True, False,118.2566176, 19.32026051572879
272,1.0275229357798166, True, False,115.2784409, 70.40379077453095
273,1.3462532299741603, True, False,118.1026203, 93.57856033661334
274,0.6464646464646465, True, True,117.0259229, 22.20162610888316
275,0.502020202020202, True, True,113.3282135, 95.50173483334916
276,0.7025641025641025, True, True,113.9679591, 51.97924522791055
277,0.5568181818181818, True, True,117.895705, 33.96076456068434
278,0.6244813278008299, True, True,124.2101927, 253.13814069786093
279,1.6666666666666667, True, False,124.255071, 22.595904850456833
280,0.5728900255754475, True, True,121.300222, 57.33850158623059
281,0.4697674418604651, True, True,124.8819348, 34.212645688738846
282,0.4739084132055378, True, True,127.2557018, 798.9998562870647
283,0.6132075471698113, True, True,119.4866167, 50.87732103716198
284,0.6974459724950884, True, True,121.9196506, 189.5769351950035
285,0.7417840375586855, True, True,116.6430064, 64.50547122276696
286,0.7829787234042553, True, False,116.133959, 20.70916308975805
287,0.4532520325203252, True, True,117.9648262, 100.31836472013435
288,0.5239234449760766, True, True,121.9793256, 78.85733366540774
289,0.7786069651741293, True, False,123.5334543, 81.23459215643526
290,0.38613861386138615, True, True,128.5094816, 232.24429206284475
291,0.9043715846994536, True, False,122.7181663, 113.92846388393507
292,0.6004464285714286, True, True,120.9693844, 69.73698210058994
293,0.6201550387596899, True, True,116.7075261, 75.85865353083963
294,0.6499133448873483, True, True,114.8834163, 175.17130559095926
295,0.9142857142857143, True, False,117.9686428, 78.03792325756997
296,0.6932515337423313, True, True,115.8546465, 188.0544615415714
297,0.7948113207547169, True, False,117.5553904, 60.3710448288214
298,0.8499184339314845, True, False,116.7796796, 243.01795434748468
299,0.5985401459854015, True, True,117.949619, 103.81729251606801
300,0.7880952380952381, True, False,119.4069434, 72.20107768953483
301,0.5827067669172933, True, True,118.3379262, 32.59466349865315
302,0.7711670480549199, True, False,118.7602667, 80.93234701694321
303,0.6498422712933754, True, True,114.9846423, 56.00918057115207
304,0.6925287356321839, True, True,112.9851182, 42.017426665317814
305,0.5618811881188119, True, True,113.9269203, 82.75441118755043
306,0.5590361445783133, True, True,126.6247246, 156.3342520212697
307,0.620253164556962, True, True,118.5524345, 99.64275819218105
308,0.5502183406113537, True, True,127.3151342, 96.74789704697717
309,0.6029411764705882, True, True,120.1056173, 79.24786612314558
310,0.8144104803493449, True, False,113.7921202, 85.52375298417813
311,0.6262886597938144, True, True,119.3400143, 80.07002784578087
312,0.6485714285714286, True, True,119.8781654, 76.27083499911434
313,0.6772727272727272, True, True,122.2412094, 77.64127205428177
314,0.4737967914438503, True, True,129.0282281, 242.53760684874948
315,0.5, True, True,124.4447099, 106.57705051673433
316,0.4449418084153984, True, True,119.430398, 700.6283538705828
317,0.6919060052219321, True, True,116.3720752, 40.27340476365515
318,0.3950795947901592, True, True,122.3598162, 598.641322555323
319,0.46436285097192226, True, True,115.1380842, 61.52152540429029
320,0.7344028520499108, True, True,123.0367404, 107.37697643762208
321,0.4969818913480885, True, True,114.7460613, 49.51005025429099
322,0.6151202749140894, True, True,113.5012049, 72.59198543153653
323,0.7167832167832168, True, False,112.4362981, 26.481992401891233
324,0.6935064935064935, True, True,118.6662591, 58.90733964026586
325,0.28452579034941766, True, True,128.9911919, 356.6156603943148
326,0.284077892325315, True, True,127.0143621, 309.29831861287346
327,0.8134110787172012, True, False,116.2174078, 50.72472787078381
328,0.65, True, False,119.768549, 56.491821169677166
329,0.5794871794871795, True, True,118.113458, 104.54740405934673
330,1.1769041769041768, True, False,118.6057278, 92.78107126716112
331,0.665680473372781, True, True,118.7287804, 60.3366843797899
332,0.8648648648648649, True, False,119.8534788, 276.09127212439637
333,1.0240963855421688, True, False,119.8595894, 157.54464251932967
334,0.7634146341463415, True, False,116.5333947, 69.16255102290947
335,0.8333333333333334, True, False,116.143789, 276.84446964843295
336,0.5565476190476191, True, True,115.9922442, 65.04403267328317
337,0.6451612903225806, True, True,125.329994, 54.26266073177905
338,0.6919191919191919, True, True,117.3160797, 54.31053168633888
339,0.9042553191489362, True, False,116.058367, 62.00546015223526
340,0.6680327868852459, True, False,114.740333, 73.58023858592574
341,0.4497816593886463, True, True,115.8895958, 86.0530930084215
342,0.6223316912972086, True, True,122.3823185, 460.4817106919992
343,0.5538461538461539, True, True,120.6186339, 117.62060296381912
344,0.29136690647482016, True, True,129.4966273, 605.860010974441
345,0.8079625292740047, True, False,116.8691845, 203.921519663502
346,0.6771428571428572, True, True,112.7289608, 94.46931970236209
347,0.875, True, False,119.5037396, 25.69892604021028
348,0.6218809980806143, True, True,117.1391118, 117.10993358988476
349,0.6136363636363636, True, True,118.7224165, 103.18271993141327
350,0.6496062992125984, True, False,119.7387143, 75.60218507372565
351,0.4622222222222222, True, True,118.7530658, 180.15935718997162
352,1.1854103343465046, True, False,119.1517114, 92.51151304820675
353,0.6581395348837209, True, True,120.4619123, 97.77910372957385
354,0.4214689265536723, True, True,124.4596796, 334.93539049047155
355,0.6118421052631579, True, True,118.1616971, 93.88846493145775
356,0.551433389544688, True, True,115.1913632, 263.7896542984115
357,0.7253886010362695, True, True,114.6824099, 86.03196698777305
358,0.6715976331360947, True, True,115.1307211, 50.56755065284253
359,0.8108108108108109, True, False,117.3670484, 240.85176737804574
360,0.5198019801980198, True, True,115.7906812, 106.38896132175321
361,0.9046511627906977, True, False,117.4928574, 84.2734437148871
362,0.552772808586762, True, True,115.4965503, 91.28511928938599
363,0.5212527964205816, True, True,120.1728893, 235.17891698887865
364,0.5140845070422535, True, True,115.3421444, 87.67508846027985
365,0.41479099678456594, True, True,127.853617, 353.1514847963505
366,0.3929273084479371, True, True,123.3886733, 394.76314888141854
367,0.6223175965665236, True, True,118.6660417, 161.7056131335441
368,0.7560975609756098, True, False,117.9911522, 212.18496110686556
369,0.6, True, True,115.0608983, 113.17867361538885
370,0.47866419294990725, True, True,120.6784519, 127.07175373135118
371,4.276515151515151, False, False,120.7881231, 67.26723406522582
372,0.6188811188811189, True, True,121.3505589, 139.58424153717797
373,0.8403225806451613, True, False,122.7346686, 231.86607270097724
374,0.9385796545105566, True, False,117.4505455, 103.16508132507285
375,0.718804920913884, True, True,117.7982446, 100.83148137432299
376,0.9350961538461539, True, False,118.1234234, 204.79742225696333
377,0.5295566502463054, True, True,114.5911477, 116.52480956664434
378,0.72, True, True,113.1240794, 90.24326345169304
379,0.5901639344262295, True, True,112.4542101, 126.48594002123654
380,0.7197943444730077, False, True,122.8544755, 547.3086514939824
381,1.0972222222222223, True, False,117.869543, 204.67613275831116
382,0.7, True, False,118.021619, 53.43478070521017
383,0.9021479713603818, True, False,122.2765116, 158.14297922980336
384,0.9611992945326279, True, False,119.5471708, 385.6023378024475
385,1.105263157894737, True, False,121.6844662, 175.8311229210255
386,1.0981210855949897, True, False,119.084748, 225.71559470707712
387,0.7811158798283262, True, True,115.3594075, 94.60224854520699
388,0.8807531380753139, True, False,115.9774788, 124.87941931672931
389,0.9234449760765551, True, False,115.3801608, 81.22273281346482
390,0.29198966408268734, True, True,119.8837401, 184.50572970677177
391,0.3893048128342246, True, True,119.1112665, 504.2340374821998
392,0.4397163120567376, True, True,117.2957832, 262.15171819266914
393,0.42857142857142855, True, True,123.3622083, 207.14238599302416
394,0.4495967741935484, True, True,119.2675708, 211.10469808800985
395,0.5530864197530864, True, True,121.4974434, 234.12569524158357
396,0.75, True, True,119.1697738, 189.29493602566956
397,1.2668918918918919, False, False,117.4297103, 194.02893568170455
398,0.5055432372505543, True, True,117.2422917, 261.27493998568576
399,1.7647058823529411, True, False,117.2430431, 22.523317620652364
400,0.4488778054862843, True, True,123.6334097, 202.12529732755897
401,0.5138461538461538, True, True,130.649007, 102.77068801308846
402,1.212406015037594, False, False,121.9299933, 255.3876709397989
403,0.8264984227129337, True, True,126.1868599, 531.0300332980164
404,0.4662004662004662, True, True,126.8201187, 265.86150839757886
405,0.5247524752475248, True, True,124.8730179, 142.57775602839342
406,0.496, True, True,126.0778342, 150.28546447131959
407,3.8491048593350383, False, False,117.8176946, 218.95964270011285
408,4.548913043478261, False, False,151.3369808, 171.8453857332803
409,0.5119305856832972, True, True,119.5162134, 245.54669032981636
410,4.650746268656716, False, False,122.6808957, 163.8710107233985
411,1.0329861111111112, False, False,113.6053618, 305.9211653019354
412,0.5298507462686567, True, True,128.1861961, 317.6274708288538
413,5.153558052434457, False, False,304.0986972, 116.44367933411081
414,0.3741830065359477, True, True,197.6655347, 493.47552174881866
415,0.7994269340974212, False, True,156.9597261, 328.68980487045593
416,0.6286836935166994, True, True,151.3630984, 357.7355282250247
417,0.874326750448833, True, False,173.579196, 245.81315599042696
418,1.2063953488372092, True, False,130.4247869, 102.41766216967866
419,0.8442437923250564, True, False,135.7855277, 173.70296505448982
420,0.39809782608695654, True, True,145.1861097, 317.01239287189645
421,0.8461538461538461, True, False,139.2700724, 338.9746849451232
422,0.39361702127659576, True, True,144.7510645, 71.24656911419362
423,0.7219730941704036, True, False,138.8222744, 31.751502543038583
424,0.49025069637883006, True, True,147.6368381, 95.35071100806829
425,0.5210084033613446, True, True,141.7180978, 561.4313529004705
426,0.6068965517241379, True, True,132.6871631, 145.20393748196935
427,0.7860262008733624, True, False,131.2492339, 38.324168634113335
428,1.2594235033259424, False, False,132.0894933, 333.6327909267088
429,1.6163069544364508, False, False,135.7972942, 247.31241392282035
430,0.5977337110481586, True, True,139.3889896, 129.72988496529334
431,1.185251798561151, False, False,127.8704274, 256.60864948997823
432,4.155642023346304, False, False,128.8247079, 61.2891258164652
433,0.6236162361623616, True, True,127.6128914, 68.83421636399541
434,0.5878378378378378, True, True,128.1652797, 116.63390186743212
435,0.3968871595330739, True, True,129.5548968, 328.75848089079676
436,0.826271186440678, True, False,123.3736375, 26.215011881616547
437,0.5766666666666667, True, True,123.1515443, 164.42085410516106
438,0.6785714285714286, True, True,129.9232237, 241.06417587807834
439,1.252717391304348, True, False,122.2380316, 250.99870414798295
440,0.4746450304259635, True, True,139.6362224, 406.9770593430351
441,0.5645833333333333, True, True,131.514237, 86.99254778160397
442,0.7107692307692308, True, False,122.902607, 75.91961254781232
443,0.5397196261682243, True, True,135.0224893, 139.75063012038115
444,0.7327586206896551, True, False,127.313562, 13.342371715223464
445,0.4930662557781202, True, True,136.4604365, 370.14295540411683
446,0.9122807017543859, True, False,121.8324942, 52.83858773957988
447,0.6633499170812603, True, True,126.0319686, 51.54641294727364
448,0.5449101796407185, True, True,128.299365, 196.9167007288434
449,0.667420814479638, True, True,125.786349, 77.01107543369989
450,0.8076923076923077, True, False,126.1268573, 13.430778614016589
451,0.8805620608899297, True, False,123.0976225, 142.66583519674822
452,0.642292490118577, True, True,124.9347317, 302.910303656074
453,1.3972055888223553, False, False,118.7094286, 117.92013990902664
454,1.8647540983606556, False, False,119.7682657, 154.00531339537986
455,0.6051136363636364, True, True,132.7267128, 73.44123272343452
456,0.5985267034990792, True, True,139.0098583, 179.07588595863092
457,0.6653846153846154, True, False,134.5156723, 47.334758302630604
458,0.6074498567335244, True, True,132.4547812, 87.65312886270527
459,0.6717557251908397, True, False,133.3338337, 26.08649400141877
460,0.45454545454545453, True, True,143.7335005, 64.74868488616144
461,0.3912248628884826, True, True,139.8388103, 209.60928173668464
462,0.6375, True, True,158.2470051, 46.794581099255026
463,3.3333333333333335, False, False,145.7152945, 48.329191114256446
464,0.7057416267942583, True, True,128.383633, 271.47264273649506
465,0.9699248120300752, True, False,139.3797945, 205.8647193015104
466,0.718562874251497, True, False,175.5376942, 51.550234398594995
467,0.9202733485193622, True, False,143.450493, 257.4180556705372
468,0.35252808988764045, True, True,214.2335852, 123.38328739390406
469,1.5454545454545454, True, False,442.3138008, 65.55608266398536
470,0.48091603053435117, True, True,338.0838913, 47.37881930295441
471,4.402777777777778, False, False,378.0941365, 51.185512678582825
472,0.7319587628865979, True, False,501.0932433, 64.33987769026305
473,0.6911196911196911, True, False,1116.480026, 94.68220973570988
474,0.8348623853211009, True, False,1679.796847, 249.45903185550787
475,0.7376425855513308, True, False,1638.435112, 163.67202787522592
476,0.6838235294117647, True, False,1536.692911, 235.5808380793053
477,0.6549707602339181, True, True,791.1960947, 268.4583033209493
478,0.9067164179104478, True, False,423.3447057, 81.23939295231588
479,0.6283783783783784, True, True,348.836182, 135.48051824038077
480,0.6885714285714286, True, True,306.4039013, 77.98853147210974
481,0.6107142857142858, True, True,268.8407084, 102.26734054947542
482,1.1198347107438016, True, False,297.4718828, 50.92228592042818
483,0.6375545851528385, True, True,222.1830979, 153.67678556124156
484,0.5012853470437018, True, True,279.8463858, 53.82399148354551
485,0.6718061674008811, True, True,193.179575, 80.89735923676503
486,0.6230769230769231, True, False,213.8721315, 86.75728905985986
487,0.47789473684210526, True, True,175.8688574, 178.17898299881097
488,0.4444444444444444, True, True,177.6301958, 283.6025214150219
489,0.6795366795366795, True, False,197.8763971, 65.07910446955796
490,0.46633416458852867, True, True,181.629761, 157.20911803105872
491,0.7, True, False,174.7995126, 44.7907506212469
492,1.3825136612021858, True, False,173.5501584, 22.10592474489289
493,0.9274924471299094, True, False,185.261863, 123.23429439729716
494,0.7491961414790996, True, False,175.6116551, 41.283407836764894
495,0.5352941176470588, True, True,174.6967597, 55.711196451394784
496,0.8253588516746412, True, False,176.1147618, 75.00123431192887
497,0.7575757575757576, True, False,157.9810217, 40.01006355968815
498,0.6666666666666666, True, False,152.1814341, 148.15410244998895
499,0.38687392055267705, True, True,162.5753229, 518.325277677694
500,0.6583629893238434, True, False,175.5978169, 128.72051857622472
501,0.8389057750759878, True, False,158.0858564, 72.91827429689394
502,0.5509554140127388, True, True,180.4595422, 102.03469140695628
503,0.7109004739336493, True, False,166.0988401, 37.98852547508267
504,0.4727272727272727, True, True,172.8408026, 243.1963318440586
505,1.4348958333333333, True, False,184.0835116, 75.0908547147296
506,0.5138888888888888, True, True,179.8223017, 230.56698487862667
507,0.5375375375375375, True, True,183.15544, 195.42031792463607
508,0.5753768844221105, True, True,190.6656446, 126.33253843435767
509,5.683206106870229, False, False,205.0170388, 89.63404360600731
510,0.7125748502994012, True, False,180.1917625, 70.53088716022458
511,0.4604651162790698, True, True,279.4144605, 286.4509007373946
512,2.3646616541353382, False, False,234.18382, 83.25976133505606
513,0.4730392156862745, True, True,258.9568619, 291.5507605466225
514,0.5146198830409356, True, True,215.3417218, 445.24577313467
515,2.772277227722772, False, False,330.1739188, 131.71222217854893
516,0.6074074074074074, True, True,284.9768522, 110.82515700086532
517,0.7464788732394366, True, False,286.332729, 43.365981350306015
518,0.6559485530546624, True, True,615.7202398, 202.2147488017846
519,0.544891640866873, True, True,480.4198275, 72.07968867177908
520,2.33256351039261, False, False,436.9427199, 240.3489396806553
521,0.7817258883248731, True, False,503.3957094, 90.08248815278859
522,3.2889908256880735, False, False,452.1280734, 142.58432794702827
523,0.6200716845878136, True, True,331.0487634, 100.13985533086554
524,0.6532846715328468, True, False,380.8032064, 111.6083609627392
525,0.7043795620437956, True, False,414.3192967, 193.07339719610565
526,0.5907859078590786, True, True,350.1688817, 362.9797041341758
527,0.8504983388704319, True, False,349.3401818, 55.457758153214
528,0.5333333333333333, True, True,285.5186473, 226.85480271141387
529,0.5798611111111112, True, True,261.7570911, 159.31809502130994
530,2.5475113122171944, False, False,352.0794289, 161.5443493439679
531,3.3410138248847927, False, False,369.224549, 75.90647574910389
532,0.4032258064516129, True, True,310.5633473, 532.9080154136176
533,0.7216494845360825, True, False,291.101964, 105.16558732963824
534,0.803030303030303, True, False,273.0043395, 64.02107134243983
535,0.8333333333333334, True, False,260.4062852, 73.5163713903139
536,0.5340599455040872, True, True,262.1278844, 309.8423172364975
537,0.6485623003194888, True, True,303.0451019, 143.3168091849971
538,0.37031484257871067, True, True,364.8397429, 509.96785340630043
539,0.6081632653061224, True, True,368.1832203, 271.82736170704777
540,0.7322834645669292, True, True,340.8327887, 248.4376770705747
541,4.077981651376147, False, False,316.758678, 63.025205967428064
542,0.5977443609022557, True, True,339.5491099, 103.42706559302775
543,0.7090909090909091, True, True,359.6970983, 61.037394341301194
544,0.5602409638554217, True, True,373.7509124, 252.80543429388177
545,0.7962962962962963, True, False,544.7008278, 105.72126869467763
546,0.684, True, False,521.9480443, 43.65184456619693
547,0.7808641975308642, True, False,626.0513246, 149.51623649602607
548,2.904166666666667, False, False,726.3527575, 66.21890536194974
549,0.5010266940451745, True, True,870.2707526, 135.33901652505642
550,3.957547169811321, False, False,934.9966987, 172.13529451680165
551,0.8585365853658536, True, False,711.4231873, 95.869062627488
552,3.186602870813397, False, False,797.5951003, 200.7590032009033
553,0.271523178807947, True, True,772.4162475, 470.36919250269773
554,2.4039408866995076, True, False,1221.531208, 154.22869378078485
555,0.4371584699453552, True, True,1121.746554, 278.5977947695769
556,2.9952380952380953, False, False,1093.850619, 277.0606852487567
557,0.524547803617571, True, True,1066.425681, 315.87093641515276
558,1.1851851851851851, True, False,1138.019992, 161.30269939843197
559,2.6044226044226044, False, False,741.5699939, 356.33200787146666
560,0.7073170731707317, True, False,2046.740426, 268.5072418466675
561,0.8609625668449198, True, False,2128, 255.26124334510405
562,0.8205128205128205, True, False,2397.205479, 256.16690303590576
563,2.212962962962963, True, False,1596.995389, 296.3994895846279
564,1.1433691756272402, True, False,1860.224205, 561.809290876073
565,3.709090909090909, False, False,1092.597297, 268.3743982099736
566,1.606936416184971, True, False,559.9485703, 62.59109789480317
567,3.7804878048780486, False, False,960.2209572, 297.8069740426306
568,2.537848605577689, False, False,1748.015238, 97.7005961556622
569,0.5360501567398119, True, True,591.6271257, 94.11684428577837
570,0.4930555555555556, True, True,683.0463418, 204.44562442454696
571,0.6184971098265896, True, True,1504.633171, 408.4857647062761
572,0.4410480349344978, True, True,1431.764194, 281.2882405217142
573,2.220833333333333, True, False,824.7793549, 284.96999675284576
574,0.6248236953455572, True, True,842.7711853, 400.8829325281067
575,3.1365853658536587, False, False,704.9048895, 140.89414210887662
576,4.2190082644628095, False, False,550.1079157, 245.6923183237477
577,1.9963235294117647, True, False,844.209273, 344.79033462055247
578,3.0881057268722465, False, False,627.1212965, 96.6002228680012
579,0.29431438127090304, True, True,470.326392, 196.33860946956673
580,1.95625, False, False,484.6322574, 136.4247450441008
581,2.2614107883817427, True, False,839.1507651, 241.16827547657613
582,0.5360230547550432, True, True,926.437572, 237.9080561888312
583,0.9892280071813285, True, False,966.253514, 268.1378827444827
584,5.400735294117647, False, False,795.1352981, 219.56862236039672
585,3.7361702127659573, False, False,560.7846883, 106.63150844647146
586,0.7567567567567568, True, False,774.92142, 65.2405363098843
587,2.1167315175097277, True, False,578.0269707, 88.41703580095702
588,2.1302083333333335, False, False,708.5758147, 87.82443387645355
589,1.1350574712643677, True, False,730.8111513, 381.42575797245
590,0.2231012658227848, True, True,810.0941133, 121.46406305148469
591,0.6896551724137931, True, False,738.8430676, 141.78406581413242
592,3.5155555555555558, False, False,642.0176136, 154.74828481067993
593,2.0560344827586206, True, False,752.489229, 93.2472653588668
594,0.5663900414937759, True, True,984.6515677, 263.4966734285322
595,2.52, False, False,1012.511038, 97.94325464572626
596,0.7740384615384616, True, False,934.6615385, 116.44445521305954
597,0.8117977528089888, True, False,1005.062335, 223.39416635798204
598,0.9148936170212766, True, False,874.8156146, 90.34335275452963
599,0.8439024390243902, True, False,1010.477739, 160.28538540700004
600,0.8222222222222222, True, False,1346.680351, 218.06464898889362
601,0.7054794520547946, True, False,2587.692299, 148.64818730437446
602,0.8160919540229885, True, False,2374.761331, 231.3306212330465
603,0.6929460580912863, True, False,2323.463399, 274.6203751564208
604,0.9789029535864979, True, False,1745.735355, 278.1916541527305
605,2.7205240174672487, False, False,1817.222936, 124.46607931711242
606,0.6992753623188406, True, False,1132.865147, 101.42952540149645
607,0.8321167883211679, True, False,971.0442685, 420.78971358590013
608,0.8181818181818182, True, False,1362.36123, 132.10199412155862
609,0.37859424920127793, True, True,1497.158745, 246.91323766446044
610,0.8711111111111111, True, False,1693.055997, 128.41054968008802
611,0.6172106824925816, True, True,1585.02935, 210.3341029219696
612,0.7272727272727273, True, False,1238.952668, 90.00945591472782
613,1.7024128686327078, False, False,1053.473511, 115.16368925858512
614,2.038781163434903, False, False,997.9426184, 335.7243653835037
615,0.6877192982456141, True, False,1056.981833, 152.84855066703176
616,0.788135593220339, True, False,1717.285714, 187.26638928528746
617,0.8430493273542601, True, False,2452.371429, 242.13095969298274
618,0.8904109589041096, True, False,2633.212612, 229.18831108591849
619,0.7833333333333333, True, False,2682.135285, 706.1885982722829
620,0.7615384615384615, True, False,2227.072063, 431.5125231494594
621,0.8893617021276595, True, False,1869.29167, 153.3347198761578
622,0.7389705882352942, True, False,1863.420822, 179.5921097392752
623,1.8583690987124464, True, False,1502.803356, 106.46702230951746
624,1.8777292576419213, True, False,1449.908374, 364.87822276683073
625,1.28125, True, False,1215.869157, 121.03956535591055
626,0.8197424892703863, True, False,970.1761217, 82.83889850335765
627,0.7368421052631579, True, False,1068.643217, 166.62633646702125
628,0.664, True, False,934.2197529, 172.86454180044007
629,0.7990654205607477, True, False,1390.046921, 173.61376191276145
630,0.5371900826446281, True, True,1050.451736, 148.6689173299485
631,1.0915750915750915, True, False,835.0127387, 129.2896764797689
632,0.6013513513513513, True, True,920.6983514, 105.68115955013013
633,0.7408637873754153, True, False,1194.715203, 280.5050287578956
634,1.8847736625514404, True, False,1073.161959, 158.93795481811094
635,1.974025974025974, True, False,832.6885019, 133.03302946694384
636,2.004878048780488, True, False,1502.839677, 82.04815209025833
637,0.8136363636363636, True, False,1454.966327, 167.6151342798555
638,0.8894230769230769, True, False,988.7875608, 247.91858933547223
639,2.2007299270072993, False, False,918.8283158, 287.68110154808767
640,0.652027027027027, True, True,940.3634185, 101.12568839680239
641,1.591549295774648, False, False,2543.702943, 402.0591839235458
642,0.6440677966101694, True, True,2309.446354, 608.6721360524266
643,0.782608695652174, True, False,1568.69942, 326.69479130574155
644,1.4976303317535544, True, False,1820.53088, 217.9459813287708
645,0.7927927927927928, True, False,1228.617647, 198.17992986862373
646,2.469767441860465, True, False,670.7426384, 106.19169902678095
647,2.0040650406504064, True, False,605.7400926, 109.62809401787058
648,0.6566265060240963, True, True,479.8502302, 94.17579804617895
649,0.45454545454545453, True, True,445.6160072, 160.6509125196685
650,1.4111111111111112, False, False,389.6741326, 82.16995586679013
651,1.4147540983606557, False, False,904.4552625, 190.0030872261491
652,0.453125, True, True,1783.023403, 826.320513669493
653,2.1147540983606556, True, False,306.9618932, 45.22872280506351
654,1.0471698113207548, True, False,358.5744031, 45.331223986057466
655,0.7375565610859729, True, False,636.075437, 205.14051663310602
656,0.6986899563318777, True, False,565.0769472, 260.3758823022862
657,2.2158590308370045, True, False,229.5802909, 62.40461133408931
658,0.717391304347826, True, False,209.3101475, 36.087909900076
659,0.7805429864253394, True, False,551.6711074, 160.48156584883645
660,1.1888888888888889, True, False,722.0514944, 230.18103990086092
661,3.1404958677685952, False, False,655.9743608, 215.91643078554546
662,0.7310344827586207, True, False,435.8329962, 78.8117670761838
663,3.5053003533568905, False, False,740.1268592, 136.62003453420743
664,2.4464944649446494, False, False,1288.820517, 152.0528716577271
665,0.5080385852090032, True, True,713.6450506, 143.9885107469736
666,0.6978723404255319, True, False,835.0414311, 98.80018215498308
667,0.5446428571428571, True, True,1333.189869, 721.0752087167511
668,0.4436936936936937, True, True,885.295872, 144.04812478004158
669,0.4450402144772118, True, True,595.576401, 97.88068812102335
670,0.7149532710280374, True, False,549.2269115, 448.82625524272294
671,0.8207547169811321, True, False,696.4377699, 100.13250126473054
672,0.6566037735849056, True, False,538.2522907, 58.55522763483509
673,0.7616822429906542, True, False,593.2925498, 67.04204370632829
674,0.6828358208955224, True, False,306.7616269, 108.17106416795804
675,0.7641921397379913, True, False,844.3855422, 104.9736613575983
676,0.4448979591836735, True, True,1201.4125, 348.8803343618687
677,0.9743589743589743, True, False,1094.91785, 379.5230577807522
678,1.504739336492891, False, False,1296.924279, 264.0676938670367
679,0.5157728706624606, True, True,944.966131, 341.4131205218446
680,0.53125, True, True,583.0297043, 176.1018854818667
681,1.225108225108225, True, False,660.3922657, 249.95977326400157
682,0.5897959183673469, True, True,859.8669577, 122.07150986597696
683,0.5508474576271186, True, True,224.0234029, 72.48380854849987
684,1.1585677749360614, True, False,186.2557744, 88.27573392154105
685,0.7709251101321586, True, False,431.1496594, 46.26429193865488
686,0.5446685878962536, True, True,350.5214345, 189.00786846736725
687,0.5220228384991843, True, True,238.0419968, 191.42427290158577
688,1.618421052631579, True, False,140.628717, 39.38220770126253
689,0.4493006993006993, True, True,197.3216066, 214.52380315285097
690,2.8442211055276383, False, False,170.7380124, 29.860653675163576
691,0.47619047619047616, True, True,155.571437, 85.74205283072746
692,0.8621973929236499, True, False,159.1205651, 240.55439171834882
693,0.6290322580645161, True, True,170.7779886, 79.79480635121439
694,0.603448275862069, True, True,311.2143748, 120.15806842756484
695,3.8629032258064515, False, False,385.2682332, 167.2373614373438
696,0.44341801385681295, True, True,280.4174629, 226.1899756914322
697,0.5271186440677966, True, True,142.8985808, 158.28217569832313
698,0.7603686635944701, True, False,125.5133786, 20.090964820807642
699,0.7802690582959642, True, False,244.681011, 75.21233868628036
700,1.9061032863849765, True, False,524.1016541, 114.48593631140568
701,0.6612903225806451, True, False,375.7172468, 73.23323738004973
702,0.9233576642335767, True, False,374.4453202, 87.24690133325794
703,0.5113924050632911, True, True,572.6714551, 120.38450377390336
704,0.9230769230769231, True, False,202.9067166, 42.77003663899495
705,0.8543689320388349, True, False,565.5491525, 173.4308057240704
706,0.7471698113207547, True, False,687.5779301, 114.61057088270854
707,0.6484641638225256, True, True,255.0774761, 39.08009808386964
708,3.397003745318352, False, False,1257.410946, 103.90599978699834
709,2.217021276595745, True, False,1590.447208, 229.33097156586223
710,0.6866197183098591, True, False,1237.30312, 215.08690461339847
711,1.6494845360824741, True, False,1386.823234, 801.4993196197568
712,1.3580786026200873, True, False,1842.580969, 466.7078745044896
713,0.8888888888888888, True, False,1645.100345, 163.854816648618
714,2.9947368421052634, False, False,908.6036052, 90.58493647440707
715,0.6907216494845361, True, False,1211.413713, 293.35410112457566
716,1.3008130081300813, True, False,1001.101015, 362.64315985846713
717,0.8651685393258427, True, False,1120.437663, 239.14224035541133
718,2.699248120300752, False, False,1186.865304, 94.57076679568854
719,1.3461538461538463, True, False,1593.73077, 211.74893573897248
720,1.1374407582938388, True, False,1600.24426, 119.87954794359871
721,0.7934272300469484, True, False,1693.554975, 211.3866852866331
722,0.9020408163265307, True, False,1764.824413, 440.40438458854396
723,1.1694214876033058, True, False,1744.465323, 131.26167898888866
724,0.8347107438016529, True, False,2086.31398, 251.43446251267824
725,1.4770642201834863, True, False,1849.712945, 295.0935945745464
726,1.0096153846153846, True, False,2256.496465, 155.04106296879627
727,2.8832335329341316, False, False,2542.450959, 382.6323488278317
728,0.8893129770992366, True, False,2094.095781, 142.50334564242576
729,1.0408163265306123, True, False,1891.490441, 824.1640784332985
730,0.546875, True, True,2329.619031, 229.0139420490632
731,0.7711864406779662, True, False,2186.73544, 209.61427297701402
732,0.38169257340241797, True, True,2533.96901, 248.18175564176408
733,0.5375586854460094, True, True,2632.563125, 798.3518818521338
734,1.448905109489051, True, False,2520.644417, 195.87568010073983
735,0.7920353982300885, True, False,2390.339021, 175.21411957826467
736,2.232142857142857, True, False,2611.634868, 307.37413407329495
737,0.7290076335877863, True, False,2414.829036, 458.52603172488534
738,0.7656765676567657, True, False,1875.464125, 425.12799299471953
739,1.664092664092664, True, False,1993.306531, 240.4109460535317
740,1.8689956331877728, True, False,1711.421794, 92.1271331498076
741,1.0128205128205128, True, False,1560.591747, 126.14560609096043
742,0.8636363636363636, True, False,1446.546543, 176.25557173392167
743,0.746031746031746, True, False,1417.656322, 124.95176928819683
744,0.6619217081850534, True, False,1319.338173, 88.11296686647256
745,0.7316176470588235, True, False,1167.295823, 423.79868876104683
746,2.0841121495327104, True, False,1068.664977, 96.44987113041202
747,1.3, True, False,799.1756564, 397.5388024236057
748,1.060483870967742, True, False,1136.140012, 124.84572158441028
749,1.8447488584474885, True, False,853.582804, 106.14895320023288
750,1.2638297872340425, True, False,783.9919972, 201.05227779146992
751,2.388, False, False,762.0804689, 65.52396840494987
752,0.7601626016260162, True, False,1383.110501, 171.9310917646112
753,0.8340425531914893, True, False,1190.552026, 212.07992092983977
754,0.768595041322314, True, False,698.1024167, 831.1023227733849
755,1.6888888888888889, True, False,1591.56463, 108.47135875968411
756,1.6277056277056277, True, False,1240.462309, 443.6136819423009
757,1.7833333333333334, True, False,928.7901794, 99.9099417598992
758,0.6819407008086253, True, True,1088.500986, 286.85114143017154
759,1.0462962962962963, True, False,2156.510175, 1099.4372944820252
760,1.315217391304348, True, False,1477.466281, 96.264540919806
761,0.9967637540453075, True, False,1669.784695, 753.1576361804362
762,1.7509727626459144, True, False,1758.808628, 522.6602746042549
763,1.6781115879828326, True, False,1893.429547, 242.84568227373893
764,0.8177966101694916, True, False,1931.766092, 576.599388952591
765,0.9039301310043668, True, False,2008.536893, 341.72147222654394
766,0.8907563025210085, True, False,2022.363345, 513.8172339552657
767,0.956140350877193, True, False,1968.852874, 339.32849840539257
768,1.019672131147541, True, False,2100.897137, 792.0768257382474
769,1.6578947368421053, False, False,1860.800113, 1237.8670939988829
770,0.70995670995671, True, False,1089.98703, 158.79277480319138
771,0.8375, True, False,1518.615439, 114.78191196684566
772,1.173160173160173, True, False,1804.825992, 163.7076584086101
773,1.2205882352941178, True, False,1792.684144, 594.7581557740209
774,0.8815165876777251, True, False,1528.106665, 359.1524438554088
775,0.7436708860759493, True, False,1451.269947, 260.72392997864654
776,0.9420289855072463, True, False,1127.317658, 251.6524873831038
777,0.748062015503876, True, False,340.946623, 70.12603319261643
778,1.5173611111111112, True, False,1117.690713, 201.1200865056229